Date,Open,High,Low,Close,Volume
2024-07-15,28.653932607080048,28.653932607080048,26.65482069203436,26.921369552612305,13737600.0
2024-07-16,27.04512226887335,27.463984229657267,26.902328955067503,27.19743537902832,10720200.0
2024-07-17,26.80713683381145,27.502065730238535,26.77857744047437,27.264076232910156,9188500.0
2024-07-18,27.102239195766444,27.778130209945214,27.102239195766444,27.4354248046875,6864300.0
2024-07-19,27.61630146586604,27.66389863900748,27.22599883581576,27.578222274780273,3697400.0
2024-07-22,27.635335546810452,27.778128853456312,27.425903669062148,27.568696975708008,3405200.0
2024-07-23,27.53061994496785,27.6162962931473,27.311670084382776,27.321189880371094,3132100.0
2024-07-24,27.606780565129906,27.759093691956128,27.330711887935074,27.62582015991211,3221900.0
2024-07-25,27.74957325064267,28.24459180919894,27.483026192739796,27.492544174194336,4390200.0
2024-07-26,27.635339730345013,28.02564234159626,27.511584180992756,27.949485778808594,4665000.0
2024-07-29,28.006604783681656,28.130358526317917,27.60678234604139,27.787654876708984,7923000.0
2024-07-30,27.83525256467883,27.987565704141478,27.00705009581516,27.140323638916016,8242500.0
2024-07-31,27.130800401842272,27.378309676025655,26.35971500408502,26.416831970214844,11124400.0
2024-08-01,26.521546311288393,26.873769699376297,26.416830366643907,26.7976131439209,15523500.0
2024-08-02,25.959893043657793,26.464429581716377,25.407757519932407,25.769500732421875,13867500.0
2024-08-05,25.95037290188801,25.95037290188801,24.684268951416016,24.684268951416016,10239300.0
2024-08-06,24.76042347386092,24.90321678578112,24.522434015422096,24.531953811645508,7543000.0
2024-08-07,24.617633350693563,25.08409253176884,24.370124063971144,24.398681640625,11057400.0
2024-08-08,25.284001196020263,25.512470873053857,24.627151555442033,25.017454147338867,13959600.0
2024-08-09,25.026975206210658,25.284002471012275,24.58907360802759,25.198326110839844,7548500.0
2024-08-12,25.13168802036149,25.179287004456572,24.455798787651627,24.94129753112793,7408900.0
2024-08-13,24.79850591107339,24.922261471553984,24.370125887765397,24.636672973632812,10202100.0
2024-08-14,24.50339442297528,24.665227327342297,24.36060111105508,24.531953811645508,6887000.0
2024-08-15,24.37844984572137,24.925309706240572,24.37844984572137,24.81977653503418,5142600.0
2024-08-16,24.94449874524716,24.982875775523336,24.714242053342673,24.743024826049805,10634600.0
2024-08-19,24.733430616448263,25.021251024407686,24.60870709772633,24.98287582397461,5034100.0
2024-08-20,24.81977447803212,24.925307640492182,24.637487262994075,24.762208938598633,3305200.0
2024-08-21,24.82937024551541,25.17475620891919,24.752618012527634,25.078815460205078,5879800.0
2024-08-22,25.07881230161768,25.884711561447972,25.07881230161768,25.846336364746094,10899900.0
2024-08-23,25.92309184727658,25.95187279094217,25.395418644423998,25.68324089050293,5106300.0
2024-08-26,25.807963474111325,26.19172465221843,25.788774957726563,26.076597213745117,6154500.0
2024-08-27,26.07659405533617,26.3356335054026,26.028622770184562,26.11496925354004,8136200.0
2024-08-28,26.17253354896292,26.297255224581004,25.827147631993867,26.095781326293945,9130600.0
2024-08-29,26.11497162093178,26.172537168332184,25.75999322821723,25.980655670166016,7115300.0
2024-08-30,26.124566799472124,26.220507551936198,25.91349860798528,26.19172477722168,5826000.0
2024-09-03,26.17253616761436,26.613861034637686,25.980654676784862,26.37401008605957,5815200.0
2024-09-04,26.49873256247746,26.93046315499735,26.460355533853058,26.52751350402832,5238400.0
2024-09-05,26.805741983501964,26.853711440280723,26.479544553637467,26.63304901123047,4205100.0
2024-09-06,26.65223875963844,26.757771935420326,26.1149713032754,26.172536849975586,4942600.0
2024-09-09,26.249288918375544,26.345227835774846,25.980655191871875,26.297258377075195,4720600.0
2024-09-10,26.287661767308833,26.7385826903774,26.278067510443822,26.43157196044922,7224200.0
2024-09-11,26.3452248937064,26.853709516759068,26.143750993766144,26.81533432006836,6402800.0
2024-09-12,26.815337591579397,26.93046502561459,26.412387912621075,26.469951629638672,6768500.0
2024-09-13,26.5850801863457,26.834525410512633,25.25150940129713,26.79615020751953,4545800.0
2024-09-16,26.882495778650426,27.12234673635448,26.872901520752155,27.064781188964844,2549000.0
2024-09-17,27.10315681692605,27.26625553291487,26.968840873141428,27.17031478881836,4160100.0
2024-09-18,27.237474171298576,27.237474171298576,26.786555029585287,27.064781188964844,4602200.0
2024-09-19,26.94965418737063,27.304632585726825,26.863307694815312,27.11275291442871,5388800.0
2024-09-20,27.25666010511798,27.25666010511798,26.786552492140643,27.026403427124023,16768000.0
2024-09-23,27.199098159762006,27.813116007628192,27.151126871699002,27.755552291870117,5324100.0
2024-09-24,27.573266920943166,28.00499939310647,27.5061089430328,27.515703201293945,3716900.0
2024-09-25,27.69798846177939,27.784333120101316,27.25666176300914,27.45813751220703,3694300.0
2024-09-26,27.458137334810818,27.899462200812316,27.458137334810818,27.765146255493164,3027100.0
2024-09-27,27.947432524317765,28.033779014674554,27.87068029176924,27.918651580810547,3354900.0
2024-09-30,27.96661896489761,28.235252673844446,27.71717377014357,28.225658416748047,5233700.0
2024-10-01,28.158501429861623,28.743736493830014,28.062560685466273,28.676578521728516,7137500.0
2024-10-02,28.36956670224854,28.887645571049127,28.36956670224854,28.830080032348633,6362100.0
2024-10-03,28.906834226675205,29.1466851645431,28.762924029937952,29.06993293762207,7995600.0
2024-10-04,28.993183607228545,29.38653903823618,28.916431372639682,29.281005859375,11837500.0
2024-10-07,29.127499418255617,29.20425164764833,28.41754083889365,28.43672752380371,14589000.0
2024-10-08,28.513479175596515,28.62860843231215,28.196876007025345,28.27362823486328,8093300.0
2024-10-09,28.23525435337297,28.484699562964856,28.13931360661955,28.292818069458008,3916300.0
2024-10-10,28.36957030087724,28.5230747637157,28.225660095705873,28.292818069458008,5698800.0
2024-10-11,28.187280650866448,28.388756384784493,28.110528426020856,28.36956787109375,4674900.0
2024-10-14,28.43672714976636,28.599825863820268,28.292816950287605,28.571044921875,3199500.0
2024-10-15,28.772517129898077,29.041150828276756,28.628606938948465,28.74373435974121,3940000.0
2024-10-16,28.810897303914548,29.041154000569346,28.7437374995457,28.887649536132812,4654500.0
2024-10-17,28.858866534500997,29.012370997723007,28.561451865748047,28.95480728149414,9458200.0
2024-10-18,28.983588453967478,29.050748258336327,28.762926015079653,28.887649536132812,4832100.0
2024-10-21,28.88764821619528,29.021964158960678,28.695766729458303,28.868459701538086,4791700.0
2024-10-22,28.609417917878243,28.868457354941686,28.571042721600694,28.580636978149414,5166800.0
2024-10-23,28.56145345480421,28.695769410116934,28.216067478379884,28.542264938354492,4274400.0
2024-10-24,28.57104442232892,28.638202392250292,28.196875714325294,28.283222198486328,4401400.0
2024-10-25,28.54226300053993,28.54226300053993,28.081749616518145,28.12012481689453,3756400.0
2024-10-28,28.609422916010857,28.926026117760603,28.216067478379884,28.542264938354492,4491100.0
2024-10-29,28.427135871173363,28.59023460231733,27.803523721476196,28.23525619506836,5048500.0
2024-10-30,28.369569660071182,28.427133374855984,27.88027350960663,28.072154998779297,3895300.0
2024-10-31,28.072154467445298,28.84927100704253,27.976213724674878,28.331193923950195,5678800.0
2024-11-01,28.33119406639145,28.47510426631189,27.410165493049185,27.41975975036621,3986200.0
2024-11-04,27.477325387926708,27.928246363806696,27.410167411923545,27.841899871826172,5657200.0
2024-11-05,27.803520101771014,28.542261424889514,27.678798420036003,28.350379943847656,5040600.0
2024-11-06,28.14890880779355,28.254443815751436,27.736364863868285,27.841899871826172,7913200.0
2024-11-07,27.92824340708828,28.590230668965305,27.861085438195023,28.177688598632812,5099300.0
2024-11-08,28.206472832723673,29.28100595021913,28.024185588790466,29.156282424926758,5429100.0
2024-11-11,28.90683769589368,29.34816442609296,28.69576950400912,28.839679718017578,4981500.0
2024-11-12,28.887647174931633,29.2810025616381,28.801300692004123,29.20425033569336,6007000.0
2024-11-13,29.367349930432887,29.80867478544837,28.98358695921555,29.17546844482422,6126900.0
2024-11-14,29.223439496380777,29.328974502217743,28.743737586092838,28.76292610168457,4069800.0
2024-11-15,28.75333188405787,29.6263892156082,28.75333188405787,29.607202529907227,5826000.0
2024-11-18,29.635986054658307,30.019749080783903,29.607205108641296,29.88543128967285,4830600.0
2024-11-19,29.83745806946404,30.173249760084783,29.645576580561478,30.12527847290039,4824900.0
2024-11-20,30.22122169155061,30.403508937940078,29.96218220929994,30.288379669189453,3467000.0
2024-11-21,30.317352982573027,30.72300098554528,29.863414296316346,30.645734786987305,5115400.0
2024-11-22,30.73265980485761,31.23489102170519,30.5877859113516,30.83890151977539,4895400.0
2024-11-25,30.954803004118546,31.49566829600331,30.877536797016678,31.37010955810547,5535200.0
2024-11-26,31.360450555152493,31.54395663197564,31.176940793986248,31.418397903442383,4398900.0
2024-11-27,31.640536213830003,31.737121262759732,31.273524080925704,31.543954849243164,3320100.0
2024-11-29,31.52463851288414,31.72746159345493,31.42805714623414,31.505321502685547,1847100.0
2024-12-02,31.582589714325216,31.659854071194584,30.8968505859375,30.8968505859375,3169500.0
2024-12-03,31.8723359896907,31.8723359896907,31.022405998349626,31.032066345214844,3865400.0
2024-12-04,31.0320637831512,31.22523017673639,30.867871059083914,31.196252822875977,3068400.0
2024-12-05,31.273524918161765,31.41839696892045,30.80026737659355,30.8968505859375,3775900.0
2024-12-06,31.061039168467683,31.138307203907015,30.529834320021774,30.578125,2842500.0
2024-12-09,30.587785961886066,30.61676147750374,30.22077197491972,30.288379669189453,3582600.0
2024-12-10,30.288378314069206,30.452569210880352,29.70888092284332,30.307693481445312,4203100.0
2024-12-11,30.346326518987727,30.529834419410832,30.095210929506468,30.336668014526367,4392500.0
2024-12-12,30.452568029169676,30.887189674095044,30.452568029169676,30.819581985473633,4164400.0
2024-12-13,30.829239510370492,31.090011752171957,30.7616318238971,30.848556518554688,4760100.0
2024-12-16,30.71334316231585,31.51498252313772,30.66505247795933,30.974117279052734,4281600.0
2024-12-17,30.742319291189485,31.07069926727,30.539496202242262,30.626419067382812,6723000.0
2024-12-18,30.510518341956637,31.14796491849634,30.355985950199827,30.365644454956055,8050400.0
2024-12-19,30.240085815739036,31.00308927179655,30.201453638782777,30.67470932006836,8330200.0
2024-12-20,30.674709909008033,31.62122313192322,30.568468196538536,31.428056716918945,14446700.0
2024-12-23,31.331471705389326,31.39907939807169,30.626417421456853,31.003089904785156,4390800.0
2024-12-24,30.867873744004335,31.312153908854466,30.867873744004335,31.283180236816406,1444900.0
2024-12-26,31.215571929306005,31.40873833587786,31.138307577282923,31.26386260986328,2253100.0
2024-12-27,31.032064874088007,31.37976365789624,30.954796840200558,31.109329223632812,2716800.0
2024-12-30,30.964457205578267,30.983774214061963,30.491199708584308,30.7423152923584,2725700.0
2024-12-31,30.72300098554528,30.92582590811715,30.394619181131006,30.645734786987305,2970000.0
2025-01-02,30.906511266712695,30.964462301701353,30.240089101716148,30.413938522338867,3257400.0
2025-01-03,30.520177103217332,30.723000178288476,30.33666919564956,30.558809280395508,4227900.0
2025-01-06,30.539491572414928,30.55880673831153,29.95999422557726,29.988967895507812,4165600.0
2025-01-07,30.01794375758515,30.24008382644192,29.76682817628873,29.815120697021484,3559500.0
2025-01-08,29.786146559664402,30.12418685171417,29.544689471367626,30.104869842529297,4236400.0
2025-01-10,29.959996265284595,31.26386308172383,29.805463874563333,30.11452865600586,4826300.0
2025-01-13,30.046922449266564,30.56846883316563,29.863414535407863,30.529836654663086,3641200.0
2025-01-14,30.616759344602258,30.867873093775696,30.46222695641643,30.771291732788086,3245000.0
2025-01-15,31.051383149389828,31.186598529866718,30.51051794313947,30.78095054626465,4164800.0
2025-01-16,30.655391180262693,31.698485710023512,30.616759004730778,31.679168701171875,4988100.0
2025-01-17,31.621221834459707,31.688829524285723,31.176937992876596,31.447372436523438,5319200.0
2025-01-21,31.630880183663937,31.988235660993116,31.57292915314719,31.930288314819336,4466300.0
2025-01-22,31.901313250032626,31.901313250032626,31.27352695386095,31.33147430419922,3884800.0
2025-01-23,31.31215729263872,31.46669338512271,31.128651209328826,31.33147430419922,3353000.0
2025-01-24,31.186601821059377,31.370107901880573,30.935484358521762,31.254209518432617,5292600.0
2025-01-27,31.669516406683595,31.814388466537135,30.674712419680088,31.756441116333008,5249600.0
2025-01-28,31.630882467186932,31.804731886944886,31.032069845989117,31.20591926574707,4020100.0
2025-01-29,31.273520854047057,31.62121962563189,31.157618807290437,31.196252822875977,3576900.0
2025-01-30,31.64053904723831,31.881996164670767,31.33147423167222,31.756441116333008,3956300.0
2025-01-31,31.630878741934612,31.78541113192608,31.215572253018276,31.457029342651367,3489800.0
2025-02-03,31.061038029991774,31.51497851070285,30.916162311024493,31.399076461791992,4392200.0
2025-02-04,31.10933131714049,31.418396104803566,31.022406615338816,31.05138397216797,2689100.0
2025-02-05,31.32181449712403,31.360448516367708,31.05138373110402,31.167282104492188,3984500.0
2025-02-06,31.31215729263872,31.370108327320214,30.867877079776935,31.33147430419922,3004900.0
2025-02-07,31.2735239479378,31.428056341225343,31.118991554650258,31.2928409576416,2710200.0
2025-02-10,31.24454406895194,31.30249509338517,31.02240400180509,31.273521423339844,1724000.0
2025-02-11,31.11899179667055,31.30249786376953,30.867874352910995,31.30249786376953,2679600.0
2025-02-12,30.896847462816506,31.592243183892148,30.896847462816506,31.46668815612793,3756000.0
2025-02-13,31.55360806364382,32.36490396427702,31.514977732636517,32.28763961791992,5723500.0
2025-02-14,32.451831870233804,32.69328896356692,32.2393521334538,32.26832580566406,5219900.0
2025-02-18,32.35525114325265,32.92509004210455,32.2683264405687,32.654659271240234,5587700.0
2025-02-19,32.55807496075676,33.002355147078056,32.55807496075676,32.92509078979492,5986200.0
2025-02-20,33.13894722740715,33.16810909187051,32.33210103336615,32.78899002075195,5634600.0
2025-02-21,32.7987187364135,33.430582727160285,32.5945745253567,33.3333740234375,6019400.0
2025-02-24,33.41113947583077,33.47918630852555,32.69178618497907,33.24588394165039,4707400.0
2025-02-25,33.21672320221428,33.4208674383041,32.76955717701716,33.26533126831055,7436600.0
2025-02-26,33.15839412169686,33.52779385660648,32.96397301341421,33.09034729003906,4414800.0
2025-02-27,32.847321848806644,33.11950917557913,32.701505090450404,32.7987174987793,4340900.0
2025-02-28,33.08062244199477,33.469464637953706,32.866762571663955,33.420860290527344,5122600.0
2025-03-03,33.39170050176725,33.87775147680476,33.27504930607515,33.60556411743164,4382000.0
2025-03-04,33.6444423549871,33.76109352734361,32.691783079482136,32.75010681152344,5716900.0
2025-03-05,32.53624598148075,33.041739324391536,32.44875667774092,32.87648010253906,4192500.0
2025-03-06,32.75011122713853,32.837600545270355,32.31266834475382,32.468204498291016,3134100.0
2025-03-07,32.41959433691319,33.391696160608035,32.35154750591649,33.30420684814453,5001300.0
2025-03-10,33.236157298147695,34.004118566026655,33.14866799284156,33.46946334838867,6112300.0
2025-03-11,33.91663051295387,34.0332816882443,33.31392844763367,33.566673278808594,5649100.0
2025-03-12,33.401422575586416,33.8388691813862,33.34309512538826,33.58612060546875,4222800.0
2025-03-13,33.644447326660156,33.88747280147478,33.42086433482364,33.644447326660156,3885300.0
2025-03-14,33.68332700375286,34.645705656275005,33.68332700375286,34.490169525146484,7118000.0
2025-03-17,34.548502580017875,34.879017375918096,34.38324332793052,34.59710693359375,5577400.0
2025-03-18,34.32491932273133,34.70403846928914,34.24714939098899,34.66515350341797,3960700.0
2025-03-19,34.5290585828505,34.91789710268161,34.392964915495895,34.85957336425781,4406500.0
2025-03-20,34.83041271813906,34.985948873188114,34.74292339915681,34.956783294677734,3619400.0
2025-03-21,34.88873446502329,35.18036427554186,34.51933472728683,34.7720832824707,8615300.0
2025-03-24,34.742918890304345,35.0734336404245,34.49017035347919,34.72347640991211,4210600.0
2025-03-25,34.65543129834719,34.70403564759704,33.97495928402683,34.24714660644531,5309700.0
2025-03-26,34.31519398929738,34.67487062946367,34.31519398929738,34.548500061035156,2540700.0
2025-03-27,34.655430764572294,34.89845621535254,34.509614010794515,34.674869537353516,2734700.0
2025-03-28,34.89845528390563,35.384506172493325,34.810965975628896,35.23868942260742,6252200.0
2025-03-31,35.267854076386826,35.93860672894074,35.073436672206725,35.2192497253418,9318800.0
2025-04-01,35.30673752240303,35.880277739931365,35.005384625642684,35.773345947265625,10763700.0
2025-04-02,35.96776988853812,36.23995723077654,35.7636293818593,35.899723052978516,5692200.0
2025-04-03,36.026096318488555,36.64824091646111,35.99693074102,36.317726135253906,5208000.0
2025-04-04,36.220505636372586,36.59962839261391,34.76235316986643,35.073429107666016,9470400.0
2025-04-07,34.645710522123665,35.394229417141695,34.159659580548926,34.50961685180664,10268000.0
2025-04-08,35.18036838162505,35.258138317919865,34.295755751782245,34.558223724365234,11987900.0
2025-04-09,34.20826065267649,35.88999630426342,33.7513753330355,35.248409271240234,12994600.0
2025-04-10,35.18036651611328,35.62753620954701,34.529060021417116,35.18036651611328,10449300.0
2025-04-11,35.0345542742625,35.637256429570805,34.830413759955995,35.55949020385742,8296700.0
2025-04-14,35.60809319476431,36.23023780974306,35.41367207551484,36.19135284423828,6610600.0
2025-04-15,36.230234250211936,36.49270217917073,36.05525563090608,36.1233024597168,6008200.0
2025-04-16,36.191348979836214,36.23023394118897,35.60808939264092,35.753902435302734,5771500.0
2025-04-17,35.92888135956873,36.55102591342331,35.899719492442436,36.1233024597168,4269200.0
2025-04-21,35.94832797857748,36.11358723062296,35.14148532625383,35.47200012207031,3160400.0
2025-04-22,35.9677675471219,36.32744418427635,35.77334644034749,36.22051239013672,4173700.0
2025-04-23,36.103861514871525,36.337167586629754,35.69558052463738,36.298282623291016,5229200.0
2025-04-24,36.09414391714292,37.03708022106068,35.97748902134482,36.8426628112793,6127800.0
2025-04-25,36.79405415633431,37.26066631544212,36.65796048837551,37.124568939208984,6872500.0
2025-04-28,36.98847408977375,37.260665125271444,36.774614207644255,37.17317581176758,5098700.0
2025-04-29,37.08568649826372,37.34815073050109,36.900984776269894,37.17317581176758,3585600.0
2025-04-30,37.260662035428325,37.77587477874133,36.68712185185814,37.69810485839844,6391000.0
2025-05-01,37.62034091581454,37.91197071814545,37.289826150966405,37.523128509521484,3640400.0
2025-05-02,37.7175542713355,38.086954044315696,37.5328562389827,37.90225601196289,3796700.0
2025-05-05,37.88280791287714,37.9508547414612,37.48424632762447,37.795318603515625,3158600.0
2025-05-06,37.72727372535126,38.21332464509324,37.668946280003496,37.83420181274414,3434400.0
2025-05-07,37.795319575313414,38.20360055731556,37.775877094036055,37.960575103759766,3933700.0
2025-05-08,37.73699343848951,37.74671653360202,36.852380905239144,36.891265869140625,5257100.0
2025-05-09,37.03708099076826,37.05652347380533,36.278842693694806,36.492706298828125,6167100.0
2025-05-12,36.12330189102595,36.27883802704098,35.5594847885742,35.82194900512695,8022300.0
2025-05-13,35.86083962132719,36.08442262033993,35.57892917150804,35.63725662231445,4869900.0
2025-05-14,35.705302697746006,35.705302697746006,34.99566874866872,35.549766540527344,7364400.0
2025-05-15,35.69646393031041,36.47885143469418,35.55954658338298,36.41039276123047,4980700.0
2025-05-16,36.49840627851984,36.78202287344515,36.205011473401434,36.69400405883789,8025900.0
2025-05-19,36.35170680062046,36.88960162606737,36.35170680062046,36.8309211730957,3369800.0
2025-05-20,36.81136402807069,36.94828136546772,36.58642786938734,36.63532638549805,4363400.0
2025-05-21,36.49840890929087,36.71356685622085,36.302811114874316,36.400611877441406,3813700.0
2025-05-22,36.381052895952486,36.5473086015915,35.892060259530325,36.32237243652344,4244200.0
2025-05-23,36.5473068716321,36.782024967520215,36.156115019442005,36.74290466308594,3035200.0
2025-05-27,37.06564297969348,37.114541496725934,36.596206770172316,36.899383544921875,4479100.0
2025-05-28,36.73312759927675,36.73312759927675,36.1756763011941,36.36149215698242,15079000.0
2025-05-29,36.02897334499308,36.43972532032426,35.84315750816001,36.29302978515625,7581100.0
2025-05-30,36.28325637170976,36.52775271850219,36.02898181256163,36.4201774597168,9664100.0
2025-06-02,36.263692032035905,36.64510565286934,36.08765440231011,36.625545501708984,3789100.0
2025-06-03,36.71356537654533,36.71356537654533,36.09743365471644,36.61576461791992,4952800.0
2025-06-04,36.60598543165425,36.733124549119545,36.14633120516098,36.18545150756836,4449600.0
2025-06-05,36.175676865684935,36.32237241810655,35.82360157072465,36.01919937133789,4824900.0
2025-06-06,36.11699396904012,36.11699396904012,35.549760758611505,35.804039001464844,5541000.0
2025-06-09,35.66712177814015,35.97029480537363,35.55954280819891,35.73558044433594,4855500.0
2025-06-10,35.69646164466595,35.90183765190686,35.37372472124367,35.45196533203125,5199400.0
2025-06-11,35.403064383300226,35.62800052778392,35.19768839016956,35.2368049621582,5266400.0
2025-06-12,35.3346057414875,35.60844039916992,35.011868840032584,35.60844039916992,8023400.0
2025-06-13,35.54976052702522,35.931177888820514,35.43240334762838,35.56932067871094,4896500.0
2025-06-16,35.784477041517846,35.931176307345176,35.06076638386958,35.17812728881836,4626300.0
2025-06-17,35.24659070564556,35.29548922394466,34.806496579518004,34.93363571166992,4914800.0
2025-06-18,35.01187120061034,35.12922838599851,34.73803652446537,34.777156829833984,4437800.0
2025-06-20,34.85539290339211,35.34438551703278,34.757595872951,34.95319366455078,6127700.0
2025-06-23,35.09011343144979,35.510647406784166,34.98253445207804,35.471527099609375,4652900.0
2025-06-24,35.4421846020533,35.76491777182025,35.36394399682653,35.67689895629883,4427100.0
2025-06-25,35.5986667055156,35.745362263293224,35.25636960926536,35.5008659362793,6636600.0
2025-06-26,35.61821895236446,35.8138167371851,35.481301622205244,35.77470016479492,4852000.0
2025-06-27,35.80403876822208,35.97029446147448,35.49108380268554,35.56932067871094,6990000.0
2025-06-30,35.27592700155627,35.960517409746075,35.27592700155627,35.93117904663086,6043200.0
2025-07-01,35.72580070263472,35.98985717309789,35.46174423217155,35.71602249145508,5359100.0
2025-07-02,35.5986642473516,35.725799642503,34.85539337535168,34.9825325012207,5284900.0
2025-07-03,34.933634234586094,35.27592757892459,34.8847319876369,35.14878845214844,3774500.0
2025-07-07,35.17813178910033,35.45196647424411,35.14878969375079,35.44218826293945,4187800.0
2025-07-08,35.38350677891428,35.38350677891428,34.679356202388966,35.011871337890625,5312800.0
2025-07-09,35.07054869287636,35.35416528673789,34.806492250045,35.27592468261719,3887100.0
2025-07-10,35.041212849658876,35.47152501109181,35.041212849658876,35.42262649536133,3771700.0
2025-07-11,35.29548472767614,35.5204208677718,35.03142828563758,35.344383239746094,4360000.0
2025-07-14,35.324822983125394,35.65733808721087,35.14878535562619,35.412841796875,5069800.0
2025-07-15,35.275924206738075,35.520420495240955,35.07054821976781,35.246585845947266,2994700.0
2025-07-16,35.19768942128263,35.34438496465165,34.806493844196886,35.29548645019531,5770100.0
2025-07-17,35.15856959609903,35.85293821069812,35.148787654644075,35.69646072387695,3399400.0
2025-07-18,35.8725042998432,36.47885419528735,35.7844854657692,36.4201774597168,5778000.0
2025-07-21,36.43972917255411,36.84070298021667,36.3125937747785,36.59620666503906,4296500.0
2025-07-22,36.71356815775202,37.14388033614933,36.59620723851096,36.9287223815918,5470900.0
2025-07-23,36.83091971797627,37.0167355489693,36.16588953344085,36.30280685424805,7368600.0
2025-07-24,35.90184115176519,37.1438829887149,35.784483954861024,37.00696563720703,11220800.0
2025-07-25,37.16343909074166,37.59375125294454,36.88960441758689,37.5155143737793,5429000.0
2025-07-28,36.918945454021085,37.27102076255046,36.400614433529455,36.478851318359375,11515100.0
2025-07-29,36.47884878542282,37.466615969179166,36.40061190602533,37.44705581665039,12152600.0
2025-07-30,37.44705606605267,37.90670659602859,37.40793576073457,37.613311767578125,6635500.0
2025-07-31,37.41771613770534,38.12186675132176,37.310140887929826,37.965389251708984,5662200.0
2025-08-01,38.09252953255978,38.258785248713494,37.70133390639411,37.95561218261719,5174800.0
2025-08-04,38.04363042666863,38.47394262425614,37.6524348065215,38.29790496826172,3411700.0
2025-08-05,38.27833970896259,38.52283600626635,37.955606536494685,38.07296371459961,4035900.0
2025-08-06,38.21966121930261,38.288119880927084,37.72088670664739,37.75022506713867,3916000.0
2025-08-07,37.681770903371614,38.38592148495069,37.66221075047023,38.014286041259766,4968900.0
2025-08-08,38.18054231317807,38.249000977303844,37.78934674898737,37.97516632080078,3475600.0
2025-08-11,38.082739684589804,38.14142013554885,37.52528845798916,37.72088623046875,5527600.0
2025-08-12,37.79913028963111,37.818686711022615,37.202558707816436,37.62309265136719,4187500.0
2025-08-13,37.6230902423702,37.808906079432134,37.4763909763042,37.77956771850586,2937200.0
2025-08-14,37.79912972873869,37.89692675711522,37.447054457435215,37.59375,3438900.0
2025-08-15,37.535074300900455,37.535074300900455,37.09498019974561,37.28079605102539,4993100.0
2025-08-18,37.29057914261694,37.36881602372533,36.8309248749329,36.899383544921875,4020100.0
2025-08-19,36.89938765928349,37.37860213335752,36.87004929193627,37.36882019042969,2555000.0
2025-08-20,37.54484871164412,37.916484107306474,37.39815317991858,37.652427673339844,4496900.0
2025-08-21,37.632761496906156,37.7409587503165,37.199976235423634,37.37702560424805,4251400.0
2025-08-22,37.56390891049801,37.66227175425541,37.03276456284339,37.426204681396484,5607600.0
2025-08-25,37.190140762275625,37.406531510742326,37.05243278323111,37.08194351196289,5756000.0
2025-08-26,37.14095746510891,37.24915471542165,36.86554901133742,37.08194351196289,4053600.0
2025-08-27,37.12128835553162,37.209813036709974,36.904893856615914,37.1114501953125,3246800.0
2025-08-28,37.00325522916791,37.11145248530216,36.77702630823221,36.86555099487305,3720400.0
2025-08-29,36.86554510204261,37.22947819909973,36.83603812859858,37.091773986816406,4846900.0
2025-09-02,37.03276176321888,37.53439909590262,36.963909653873245,37.3180046081543,4304900.0
2025-09-03,37.25898973802906,37.39669395331833,36.777021232358166,37.00325012207031,4851900.0
2025-09-04,37.20980780544698,37.25898734315228,35.999969415378956,36.84587097167969,8438200.0
2025-09-05,37.05243202436418,37.219646976556994,36.80653055220198,37.16062927246094,5087100.0
2025-09-08,37.02292543193806,37.12128827311716,36.52128807448024,36.70817184448242,3969500.0
2025-09-09,36.658990332877316,37.219645364958254,36.639317765697115,36.924564361572266,4616400.0
2025-09-10,36.973745448843054,37.23931948863826,36.8458756329064,37.170467376708984,3530700.0
2025-09-11,37.25899179786907,37.64259749085614,37.05243171135717,37.61309051513672,4668100.0
2025-09-12,37.52456583581981,37.99669620812379,37.52456583581981,37.61309051513672,4280800.0
2025-09-15,37.711449135261326,37.92784362694683,37.593417481686785,37.662269592285156,3695700.0
2025-09-16,37.54423621194934,37.858993558726006,36.97374672876405,37.03276443481445,4280900.0
2025-09-17,37.23932090649568,37.65243359380025,37.111451085690476,37.426204681396484,4726300.0
2025-09-18,37.05242943170538,37.72128168935786,37.05242943170538,37.44587326049805,4597400.0
2025-09-19,37.55407096638517,37.66226820825183,37.24915180768444,37.39669418334961,6883400.0
2025-09-22,37.48521746844375,37.770464049668874,37.367185823583064,37.54423141479492,4002900.0
2025-09-23,37.46554684684848,38.16390609741211,37.406529145275776,38.16390609741211,4762500.0
2025-09-24,38.36062610322839,38.4786577483263,37.98685484956696,38.370460510253906,7797900.0
2025-09-25,38.54751244451596,38.557350604360984,37.59341730827178,37.681941986083984,9051900.0
2025-09-26,37.81964549705512,38.262268877811415,37.77046595522854,38.173744201660156,5463300.0
2025-09-29,38.20325208534081,39.836037677080476,37.603251905167795,38.48849868774414,6527800.0
2025-09-30,38.5081703950151,38.78357883137066,37.52456454842119,38.16390609741211,13642800.0
2025-10-01,38.29177392061537,38.29177392061537,37.50489003461359,37.54423141479492,6650300.0
2025-10-02,37.47538207595363,37.84915335645806,37.39669555762348,37.662269592285156,6407100.0
2025-10-03,37.79997247035647,38.478659144492944,37.69177522835823,38.222923278808594,6228000.0
2025-10-06,38.291773779654214,38.862263187846025,38.1343970030332,38.81308364868164,5405500.0
2025-10-07,38.9507919813156,39.019644093863924,38.57702444238432,38.7835807800293,4389500.0
2025-10-08,38.98030154286041,39.07866062865419,38.73440007621736,38.91144943237305,3598900.0
2025-10-09,39.13767858776791,39.147512995548254,38.40980859078733,38.46882629394531,4120900.0
2025-10-10,38.744233571505184,38.9999731920001,38.49833211065313,38.59669494628906,3087800.0
2025-10-13,38.46882553727243,38.872103787189666,38.30161059102654,38.54751205444336,4274900.0
2025-10-14,38.65571044231847,39.009809160460044,38.49833365116207,38.84259796142578,4604800.0
2025-10-15,38.87210158854321,39.4425910002803,38.8622634293542,39.20652770996094,5295900.0
2025-10-16,39.196691227613606,39.511444796276876,38.89177581856023,39.0196418762207,5385100.0
2025-10-17,39.10817067020679,39.236040493491124,38.813089637531256,38.99013900756836,3476600.0
2025-10-20,39.137679957963535,39.59997218299719,39.137679957963535,39.560630798339844,4227500.0
2025-10-21,39.62948077324839,39.62948077324839,39.06882573642787,39.373741149902344,4157300.0
2025-10-22,39.344234001630845,39.53111776236151,39.07865997186081,39.39341354370117,4319900.0
2025-10-23,39.8262027691185,39.8262027691185,38.66554755861143,38.95079040527344,6901700.0
2025-10-24,39.04915388375255,39.23603764872686,38.72456214483238,38.88193893432617,5426800.0
2025-10-27,38.999976293529365,39.0885009765625,38.50817333271391,39.0885009765625,5024800.0
2025-10-28,39.098333545850835,39.24587592801939,38.7639073981396,38.87210464477539,5436600.0
2025-10-29,38.87210602697418,38.99013768561076,38.252433252854274,38.31145095825195,5074500.0
2025-10-30,38.399972163327924,38.7442326999129,38.242595382009306,38.27210235595703,3346300.0
2025-10-31,38.04587575170903,38.134400431025945,37.61309051513672,37.61309051513672,5805900.0
2025-11-03,37.49505342947083,37.85899029045904,37.19013802159667,37.79013442993164,6962800.0
2025-11-04,37.977022918095855,38.19341740834644,37.64259677505341,38.10489273071289,4933900.0
2025-11-05,38.10489162942801,38.38030006203554,37.849152011585176,38.222923278808594,6229300.0
2025-11-06,38.19341515267155,38.763904567605046,38.16390442709752,38.350791931152344,4214800.0
2025-11-07,38.429478448207824,38.81308411128374,38.39013331554405,38.7639045715332,4178400.0
2025-11-10,38.53767884235539,39.0786613282228,38.51800627441275,38.832759857177734,3566000.0
2025-11-11,38.90161385460192,39.07866322250929,38.508173733153534,39.0393180847168,3031200.0
2025-11-12,39.04915347902923,39.167185131886576,38.8721041236639,38.931121826171875,2938200.0
2025-11-13,38.783579445981246,39.20653026689189,38.557350547938576,38.931121826171875,4002600.0
2025-11-14,38.931124179187904,39.2753847508952,38.6163668322799,39.0885009765625,5429200.0
2025-11-17,39.23603560737849,39.64915200340546,39.14751093338403,39.52128219604492,4864800.0
2025-11-18,39.64915375350685,39.727840271553774,39.285216882044196,39.33440017700195,4924300.0
2025-11-19,39.27538208288923,39.47210400428371,38.8721038325019,38.960628509521484,4030400.0
2025-11-20,39.168336599926434,39.55408855375151,39.02986328101664,39.158447265625,8094700.0
2025-11-21,39.28703231521052,39.465070522382135,39.039757446707156,39.12877655029297,5498000.0
2025-11-24,39.04964754249335,39.376052186375794,38.71335356384861,39.28703308105469,5630600.0
2025-11-25,39.33648410721699,39.49473986237012,38.841934400724114,38.98040771484375,4075400.0
2025-11-26,39.04964838787811,39.55409125332345,39.04964838787811,39.5145263671875,2629600.0
2025-11-28,39.51452530527258,39.692563514984535,39.45517797766355,39.54419708251953,1403000.0
2025-12-01,39.43539602542579,39.50463268860624,38.67378895732562,38.70346450805664,3879200.0
2025-12-02,38.85182381745598,38.89138869960726,37.912182391609505,37.93196105957031,5604400.0
2025-12-03,37.971524923314774,38.1396737813905,37.65501342082313,37.96163558959961,4012000.0
2025-12-04,38.37705630647653,38.43640362932533,37.87261726816352,38.11989212036133,6057700.0
2025-12-05,38.08032597942823,38.34738326374604,37.95174200406454,38.01108932495117,4328700.0
2025-12-08,37.99131299878008,37.99131299878008,37.5758930050622,37.694583892822266,4262100.0
2025-12-09,37.83305203335532,38.070437549421385,37.48686875275353,37.51654052734375,4143500.0
2025-12-10,37.49676237205594,37.684689921130044,36.97254083777041,37.071449279785156,5489200.0
2025-12-11,37.012099587293264,37.37806910023224,36.814282715895395,36.9230842590332,5051700.0
2025-12-12,37.08134125704061,37.44730700907311,37.02199392977247,37.42752456665039,4222800.0
2025-12-15,37.58577920832251,37.80338229534644,37.44730588862183,37.783599853515625,5114200.0
2025-12-16,37.89240281305953,37.93196392508456,37.516543950458335,37.63523483276367,4862500.0
2025-12-17,37.60556289257483,38.00120042291725,37.49676134546826,37.89240264892578,5137300.0
2025-12-18,38.060547656551975,38.18913164582598,37.615452134538195,37.82316589355469,6780300.0
2025-12-19,37.86272773379938,37.931964397098646,37.19013977050781,37.19013977050781,10784100.0
2025-12-22,37.071447003857486,37.47697762820553,36.93297368429205,37.38795852661133,3788700.0
2025-12-23,37.34839281949954,37.63523255976915,37.289049268488505,37.55610656738281,3930800.0
2025-12-24,37.674798310003666,37.823164737177244,37.53632499030298,37.783599853515625,2593100.0
2025-12-26,37.78360052564155,37.902291405622805,37.68468831472797,37.87261962890625,3003500.0
2025-12-29,37.91218248954333,38.238583335347464,37.84294205904232,38.001197814941406,2366700.0
2025-12-30,38.07044180568444,38.288041132198195,37.93196470484725,38.18913269042969,3097100.0
2025-12-31,38.19902000505437,38.228695554507574,37.902290922327346,37.92207336425781,2463900.0
2026-01-02,37.91218186973289,38.416620904315984,37.62534213775683,38.30781936645508,2712600.0
2026-01-05,38.149566529747226,38.25836807592621,37.08134105650328,37.684688568115234,5435500.0
2026-01-06,37.71436434671631,37.89240255552183,37.58578035744231,37.82316589355469,3681900.0
2026-01-07,37.882508742204784,37.96163851047353,37.19013836231339,37.338504791259766,3374400.0
2026-01-08,37.26926955844101,37.82316663819802,37.23959778076096,37.58578109741211,3656900.0
2026-01-09,37.714363834892765,38.04076469786321,37.467088967475895,37.47697830200195,3082300.0
2026-01-12,37.50664790091438,37.74403342002167,37.34839214588113,37.46708679199219,4587100.0
2026-01-13,37.813271624688674,38.179237365722656,37.51654254349585,38.179237365722656,8960000.0
2026-01-14,38.32760554996438,38.79248352145112,38.25836888694914,38.63422775268555,4511200.0
2026-01-15,38.66389716050676,39.01008045436526,38.47596962571427,38.881500244140625,4148300.0
2026-01-16,38.624332278542695,39.346374415121296,38.624332278542695,39.277137756347656,4252000.0
2026-01-20,39.37604771669764,39.563975240770006,38.84193314539972,38.871604919433594,6255500.0
2026-01-21,39.25735778930936,39.38594178075746,38.940846251217984,39.09910202026367,6312900.0
2026-01-22,39.16833887756444,39.19801442842428,38.42651424902636,38.44629669189453,5453500.0
2026-01-23,38.52542195997289,38.5550937342491,37.981418050592175,38.35727310180664,7834100.0
2026-01-26,38.57487925931001,39.1584480964652,38.57487925931001,38.990299224853516,5605600.0
2026-01-27,38.841935023296166,39.42550383723599,38.71335104107488,39.39583206176758,4553000.0
2026-01-28,39.37605227911208,39.44528894195655,39.12877740520609,39.35626983642578,4852900.0
2026-01-29,39.40572212742533,39.53430611203369,38.911172403824665,39.158447265625,5471800.0
2026-01-30,39.08921344388968,39.31670588048723,38.644117905713955,39.25735855102539,5025500.0
2026-02-02,39.45517605368727,39.474958495258946,38.733133915338186,38.95073699951172,4267300.0
2026-02-03,38.89139184439218,39.78158289920328,38.82215518158634,39.75190734863281,4857400.0
2026-02-04,39.840927215265936,40.35525941530353,39.76180121616834,39.91016387939453,7003000.0
2026-02-05,40.02885674608668,40.28602094803762,39.7716887710207,39.78158187866211,6674200.0
2026-02-06,40.13765913354729,40.355258455727956,39.41561318517764,39.613433837890625,5731400.0
2026-02-09,39.59364950906497,39.82114192825686,39.287031096426524,39.81125259399414,7248500.0
2026-02-10,39.900273252328326,40.64209786378228,39.66288771649241,40.523406982421875,5656900.0
2026-02-11,40.47394744887677,40.750897858993575,40.276130578512564,40.60253143310547,5994800.0
2026-02-12,40.790463067310405,41.64108542675271,40.68166152387425,41.20588302612305,6403400.0
2026-02-13,41.19599168559313,42.10596132617244,41.106972588309084,42.0565071105957,6558400.0
2026-02-17,42.343348686629156,42.620295324407,42.07629138315124,42.18509292602539,7529200.0
2026-02-18,42.185095199957,42.29389297558078,41.443270574680724,41.47294235229492,7468400.0
2026-02-19,41.95032729750754,42.47744019693668,41.622122349158545,42.40782165527344,8486000.0
2026-02-20,42.74596995758204,42.96477325378882,42.397877253549375,42.76586151123047,11154800.0
2026-02-23,42.208909336649526,42.94488164499254,42.01994526812101,42.65645980834961,9022300.0
2026-02-24,42.616678741183684,42.64651797000939,42.07962194336036,42.566951751708984,8864700.0
2026-02-25,42.566950536653,43.34270596723393,42.08956462225565,42.95482635498047,6832700.0
2026-02-26,42.994609728507534,43.15373836762268,42.49733225703195,42.77580642700195,5837400.0
2026-02-27,42.875265796889614,43.273085512553045,42.69624559696691,43.26314163208008,7499300.0
2026-03-02,42.77580658219541,43.39243338068903,42.77580658219541,43.10401153564453,4602400.0
2026-03-03,42.73602865912878,43.402378673934344,42.09951407963506,43.15373992919922,4977600.0
2026-03-04,43.193520218755346,43.8001993233266,42.88520682960044,43.78030776977539,4336000.0
2026-03-05,43.53166910136127,43.59134376209727,42.984664656688615,43.1636848449707,6340500.0
2026-03-06,43.01449915151197,43.55155970463952,42.825535087526724,43.37253952026367,6023600.0
2026-03-09,43.27308341974198,43.511778272737,42.71613508596357,43.243247985839844,3774700.0
2026-03-10,43.054284813818995,43.5913453988304,42.815589955838576,42.924991607666016,4439200.0
2026-03-11,42.775807802756596,43.064229656030896,42.60673527810168,42.71613693237305,3809100.0
2026-03-12,42.71613437426547,43.651014628907355,42.48738719899967,43.1636848449707,4215700.0
2026-03-13,43.611234209493446,43.83003751841763,43.3924346944954,43.770362854003906,3408400.0
2026-03-16,44.00905603871598,44.068730700853024,43.70074264189692,43.899654388427734,3419600.0
2026-03-17,44.07867401316713,44.14829255446731,43.4123240338866,43.42226791381836,3996900.0
2026-03-18,43.28303167746114,43.342706339996276,42.845428867314865,42.99460983276367,6381100.0
2026-03-19,42.974716557543104,43.312865377181396,42.58684075141334,43.01449966430664,3866300.0
2026-03-20,43.004556962510335,43.21341258785081,41.582343105128274,41.79119873046875,10674300.0
2026-03-23,42.10945552240066,42.208909496966896,41.45304942605602,41.53261184692383,6406600.0
2026-03-24,41.39337586922134,42.18901906875465,41.333705000460114,41.65196228027344,4241600.0
2026-03-25,42.079621985236095,42.27852994333284,41.79120013449925,41.84092712402344,3009600.0
2026-03-26,41.880710698519636,42.268586532614265,41.68179894428681,42.09951400756836,2548400.0
2026-03-27,42.129347032747816,42.57689750568725,41.97021839725001,42.14923858642578,3737600.0
2026-03-30,42.67635038279304,43.03439075193812,42.4973301982205,42.755916595458984,3936400.0
2026-03-31,43.034393259493456,43.17363034584618,42.46749723995677,42.924991607666016,4576400.0
2026-04-01,42.676350844668356,43.19351985081667,42.57689687168539,43.01449966430664,3453900.0
2026-04-02,43.25319679646398,43.511779416238724,42.944883393644105,43.47199630737305,3055500.0
2026-04-06,43.42226823052866,43.62117997594824,43.054283967554326,43.3526496887207,2790300.0
2026-04-07,43.37254227866007,43.750474224592026,43.22335751755043,43.36259460449219,2336800.0
2026-04-08,42.974719508305895,43.45210544046931,42.78575542909313,43.442161560058594,5045900.0
2026-04-09,43.36259278769963,44.22785829560117,43.31286580072189,43.88970947265625,4256300.0
2026-04-10,43.750475192919204,43.86982072809273,43.04433827448758,43.15373992919922,3494600.0
2026-04-13,43.153739656811744,43.213414320984924,42.2188593483221,42.49733352661133,3910400.0
2026-04-14,42.387930575127,42.68629629900787,42.139291839571946,42.66640853881836,3935000.0
2026-04-15,42.44760329697385,42.626623481903636,42.0995106006803,42.24869155883789,4106200.0
2026-04-16,42.179073027751265,43.0244431725856,42.1392899213312,42.97471618652344,4671600.0
2026-04-17,42.586841322320545,42.835480052037,42.25864017193631,42.76586151123047,5003100.0
2026-04-20,42.69624213619824,43.094065613542014,42.34814943896682,42.46749496459961,4195700.0
2026-04-21,42.71613628265466,42.74597171739263,42.01994705200195,42.01994705200195,6107000.0
2026-04-22,42.32825829093358,42.5570054647221,41.80114160931788,41.89065170288086,7242600.0
2026-04-23,42.407820875742374,43.15373706035959,42.079619727352274,42.944881439208984,6144200.0
2026-04-24,42.885208906823834,43.044337549015296,42.1293488048959,42.23875045776367,4289400.0
2026-04-27,42.318310984612424,42.85537155065253,42.22880089027241,42.65645980834961,5527700.0
2026-04-28,43.034393948934955,43.11395637358571,42.736028217123945,42.89515686035156,5216600.0
2026-04-29,42.755917893336566,43.064227491961404,42.52716692194104,42.58684158325195,5427300.0
2026-04-30,42.72607768742507,43.50183309100077,42.57689672845249,43.412322998046875,6343300.0
2026-05-01,43.38248674870852,43.820093363819026,43.09406869066202,43.113956451416016,4627600.0
2026-05-04,42.855370718074035,43.36259204686274,42.60673199350733,43.0841178894043,3697800.0
2026-05-05,42.65646180930788,43.790253861515495,42.61667870019593,43.29297637939453,6330900.0
2026-05-06,43.04433820080352,43.18357529058866,42.02989166874964,42.09951400756836,7087600.0
2026-05-07,41.97021902827639,42.16913077412079,41.69174106652384,42.01000213623047,4982400.0
2026-05-08,42.13929060092334,42.328258462503285,41.413265969714566,41.49283218383789,4133600.0
2026-05-11,41.72157961296276,42.1094554243644,41.59228641118691,42.03983688354492,4749400.0
2026-05-12,42.000054409183086,42.24869314269276,41.74147179566046,41.90060043334961,4437800.0
2026-05-13,41.60223403064741,42.2884755580829,41.33370374758328,41.93043518066406,6714900.0
2026-05-14,42.30836868286133,42.32826023722617,41.751416542424096,42.30836868286133,3535800.0
2026-05-15,42.169129014621824,42.1989644473795,41.09500790823517,41.303863525390625,5185000.0
2026-05-18,41.55250305050448,41.840924885812676,40.97566317381399,41.49283218383789,5678500.0
2026-05-19,41.41326734448838,42.407822290490216,41.34364880178234,42.268585205078125,5076000.0
2026-05-20,42.35809484601367,42.67635212179431,42.00005446227895,42.01000213623047,6477100.0
2026-05-21,41.970001220703125,42.4900016784668,41.849998474121094,42.470001220703125,3746300.0
2026-05-22,42.11000061035156,42.880001068115234,42.11000061035156,42.83000183105469,4955400.0
2026-05-26,42.959999084472656,43.27000045776367,42.65999984741211,42.93000030517578,6616500.0
2026-05-27,43.04999923706055,43.099998474121094,42.58000183105469,43.06999969482422,5921900.0
2026-05-28,43.150001525878906,43.25,42.15999984741211,42.220001220703125,6217100.0
2026-05-29,42.2400016784668,42.5099983215332,42.06999969482422,42.2599983215332,8718400.0
2026-06-01,41.939998626708984,42.08000183105469,41.25,41.290000915527344,5711200.0
2026-06-02,41.16999816894531,41.86000061035156,41.16999816894531,41.72999954223633,4000000.0
2026-06-03,41.880001068115234,42.470001220703125,41.47999954223633,41.540000915527344,6093300.0
2026-06-04,41.83000183105469,42.08000183105469,41.09000015258789,41.849998474121094,4874100.0
2026-06-05,42.09000015258789,43.040000915527344,42.06999969482422,42.689998626708984,4075100.0
2026-06-08,42.650001525878906,42.77000045776367,41.779998779296875,41.849998474121094,4655000.0
2026-06-09,41.959999084472656,42.59000015258789,41.79999923706055,42.38999938964844,4393400.0
2026-06-10,42.90999984741211,42.90999984741211,42.45000076293945,42.7400016784668,4678500.0
2026-06-11,42.869998931884766,43.16999816894531,42.52000045776367,42.54999923706055,4197100.0
2026-06-12,42.75,43.04999923706055,42.58000183105469,42.900001525878906,4198500.0
2026-06-15,42.619998931884766,43.33000183105469,42.47999954223633,43.06999969482422,3984600.0
2026-06-16,43.209999084472656,43.70000076293945,42.619998931884766,43.349998474121094,5325900.0
2026-06-17,43.369998931884766,43.56999969482422,42.38999938964844,42.630001068115234,6392200.0
2026-06-18,42.88999938964844,43.34000015258789,42.59000015258789,42.81999969482422,7180200.0
2026-06-22,41.599998474121094,43.459999084472656,41.599998474121094,43.119998931884766,8513700.0
2026-06-23,43.36000061035156,43.650001525878906,42.849998474121094,43.5,13225500.0
2026-06-24,43.7400016784668,43.95000076293945,43.310001373291016,43.86000061035156,7060300.0
2026-06-25,44.220001220703125,44.4900016784668,43.59000015258789,44.220001220703125,6740100.0
2026-06-26,44.459999084472656,45.08000183105469,44.310001373291016,45.040000915527344,13872800.0
2026-06-29,44.81999969482422,45.220001220703125,44.650001525878906,44.790000915527344,6378100.0
2026-06-30,44.5,44.68000030517578,44.0099983215332,44.040000915527344,7539000.0
2026-07-01,44.150001525878906,44.22999954223633,43.720001220703125,43.72999954223633,6609600.0
2026-07-02,44.11000061035156,44.630001068115234,43.72999954223633,44.61000061035156,8355000.0
2026-07-06,44.4900016784668,44.630001068115234,43.650001525878906,44.0,8267400.0
2026-07-07,44.45000076293945,45.099998474121094,44.38999938964844,44.47999954223633,5313900.0
2026-07-08,44.619998931884766,44.75,43.90999984741211,44.04999923706055,7544800.0
2026-07-09,44.16999816894531,44.25,43.290000915527344,43.31999969482422,5479200.0
2026-07-10,43.369998931884766,43.70000076293945,43.31999969482422,43.540000915527344,6551000.0
2026-07-13,43.599998474121094,44.25,43.599998474121094,44.130001068115234,5639100.0
2026-07-14,44.5,44.689998626708984,43.7599983215332,43.7599983215332,6890800.0
2026-07-15,43.869998931884766,44.060001373291016,42.93000030517578,43.28499984741211,2612817.0
